job_id,company,title,location,url
5722814004,oklo,Associate Project Manager,"Lockhart, Texas",https://job-boards.greenhouse.io/oklo/jobs/5722814004
5790916004,oklo,CAD/PLM Administrator - SolidWorks,"Santa Clara, CA or Remote",https://job-boards.greenhouse.io/oklo/jobs/5790916004
5740740004,oklo,Computational Fluid Dynamics Thermal-Hydraulics Engineer,"Santa Clara, CA or Remote",https://job-boards.greenhouse.io/oklo/jobs/5740740004
5818352004,oklo,Construction Field Engineer / Construction Supervisor,"Idaho Falls, ID",https://job-boards.greenhouse.io/oklo/jobs/5818352004
5775089004,oklo,Core Mechanical Design - Senior Mechanical Design Engineer,"Santa Clara, CA or Remote",https://job-boards.greenhouse.io/oklo/jobs/5775089004
5837457004,oklo,Corporate Development Manager,"Santa Clara, CA or Remote",https://job-boards.greenhouse.io/oklo/jobs/5837457004
5808814004,oklo,Corporate Support Manager,"Santa Clara, CA or Remote",https://job-boards.greenhouse.io/oklo/jobs/5808814004
5705506004,oklo,Engineering Technician,"Santa Clara, CA or Idaho Falls, ID",https://job-boards.greenhouse.io/oklo/jobs/5705506004
5800665004,oklo,External Hazards Regulatory Engineer,"Santa Clara, CA or Remote",https://job-boards.greenhouse.io/oklo/jobs/5800665004
5728192004,oklo,External Quality Assurance Specialist,"Santa Clara, CA or Remote",https://job-boards.greenhouse.io/oklo/jobs/5728192004
5741239004,oklo,Fabrication Lead,"Idaho Falls, ID",https://job-boards.greenhouse.io/oklo/jobs/5741239004
5775668004,oklo,Facilities Design Engineer - Fuel Fabrication,"Santa Clara, CA or Remote",https://job-boards.greenhouse.io/oklo/jobs/5775668004
5490078004,oklo,Facility Design Engineer,"Santa Clara, CA or Remote",https://job-boards.greenhouse.io/oklo/jobs/5490078004
5741775004,oklo,Facility Operations Manager,"Lockhart, Texas",https://job-boards.greenhouse.io/oklo/jobs/5741775004
5766233004,oklo,Facility Operations Specialist,"Lockhart, Texas",https://job-boards.greenhouse.io/oklo/jobs/5766233004
5775659004,oklo,Fuel Fabrication Project Engineer,"Santa Clara, CA or Remote",https://job-boards.greenhouse.io/oklo/jobs/5775659004
4638962004,oklo,Fuel Performance Engineer,"Santa Clara, CA or Remote",https://job-boards.greenhouse.io/oklo/jobs/4638962004
5688527004,oklo,Fuels Licensing Manager,"Santa Clara, CA or Remote",https://job-boards.greenhouse.io/oklo/jobs/5688527004
5065038004,oklo,General Application - Nuclear Fuel Recycling,"Santa Clara, CA or Remote",https://job-boards.greenhouse.io/oklo/jobs/5065038004
5730933004,oklo,Hardware Test Technician,"Idaho Falls, ID",https://job-boards.greenhouse.io/oklo/jobs/5730933004
5826630004,oklo,Hot Cell Design Engineer,"Santa Clara, CA or Remote",https://job-boards.greenhouse.io/oklo/jobs/5826630004
5739861004,oklo,Junior Software Engineer,"Santa Clara, CA or Remote",https://job-boards.greenhouse.io/oklo/jobs/5739861004
5741240004,oklo,Lead Machinist,"Idaho Falls, ID",https://job-boards.greenhouse.io/oklo/jobs/5741240004
5679965004,oklo,Licensing Manager,"Santa Clara, CA or Remote",https://job-boards.greenhouse.io/oklo/jobs/5679965004
5587760004,oklo,Mechanical Analyst Engineer,"Santa Clara, CA or Remote",https://job-boards.greenhouse.io/oklo/jobs/5587760004
5711598004,oklo,Mechanical Analyst Engineer - Process Automation,"Santa Clara, CA or Remote",https://job-boards.greenhouse.io/oklo/jobs/5711598004
5844005004,oklo,Mechanical Design Engineer - Fuel Recycling,"Santa Clara, CA",https://job-boards.greenhouse.io/oklo/jobs/5844005004
5677684004,oklo,Mechatronics Engineer,"Santa Clara, CA or Remote",https://job-boards.greenhouse.io/oklo/jobs/5677684004
5637818004,oklo,Neutronics Analysis Engineer,"Santa Clara, CA or remote",https://job-boards.greenhouse.io/oklo/jobs/5637818004
4714198004,oklo,Open Call for Engineers,Any,https://job-boards.greenhouse.io/oklo/jobs/4714198004
5741538004,oklo,Operations Engineer,"Santa Clara, CA or Remote",https://job-boards.greenhouse.io/oklo/jobs/5741538004
5404541004,oklo,Process Engineer,"Santa Clara, CA or Remote",https://job-boards.greenhouse.io/oklo/jobs/5404541004
5837986004,oklo,Project Controller,"Santa Clara, CA or Remote",https://job-boards.greenhouse.io/oklo/jobs/5837986004
5766240004,oklo,Radiation Safety Officer (RSO),"Lockhart, Texas",https://job-boards.greenhouse.io/oklo/jobs/5766240004
5681333004,oklo,Radioactive Waste Handling Engineer,"Santa Clara, CA or Remote",https://job-boards.greenhouse.io/oklo/jobs/5681333004
5741763004,oklo,Reactor Operator,"Lockhart, Texas",https://job-boards.greenhouse.io/oklo/jobs/5741763004
5783062004,oklo,Refueling Supplier Engineer,"Santa Clara, CA or Remote",https://job-boards.greenhouse.io/oklo/jobs/5783062004
5013750004,oklo,Regulatory Engineer,"Santa Clara, CA or Remote",https://job-boards.greenhouse.io/oklo/jobs/5013750004
5827231004,oklo,Safety Analysis Engineer,"Santa Clara, CA or Remote",https://job-boards.greenhouse.io/oklo/jobs/5827231004
5776025004,oklo,Senior Counsel,Remote,https://job-boards.greenhouse.io/oklo/jobs/5776025004
5818436004,oklo,Senior Global Supply Manager,"Santa Clara, CA or Remote",https://job-boards.greenhouse.io/oklo/jobs/5818436004
5743023004,oklo,Senior Mechanical Design Engineer - Reactor Module,"Santa Clara, CA or Remote",https://job-boards.greenhouse.io/oklo/jobs/5743023004
5842619004,oklo,Senior Process Controls Engineer,"Santa Clara, CA or Remote",https://job-boards.greenhouse.io/oklo/jobs/5842619004
5739483004,oklo,Senior Software Engineer,"Santa Clara, CA or Remote",https://job-boards.greenhouse.io/oklo/jobs/5739483004
5818444004,oklo,Senior Sourcing Specialist,"Santa Clara, CA or Remote",https://job-boards.greenhouse.io/oklo/jobs/5818444004
5777136004,oklo,Senior Technical Advisor,"Santa Clara, CA or Remote",https://job-boards.greenhouse.io/oklo/jobs/5777136004
5814220004,oklo,Shipping and Receiving Specialist (Contract),"Idaho Falls, Idaho",https://job-boards.greenhouse.io/oklo/jobs/5814220004
4018702004,oklo,Software Engineer,"Santa Clara, CA or Remote",https://job-boards.greenhouse.io/oklo/jobs/4018702004
5784826004,oklo,Software Engineer (Infrastructure) ,"Santa Clara, CA or Remote",https://job-boards.greenhouse.io/oklo/jobs/5784826004
5480416004,oklo,Software Quality Assurance Lead,"Santa Clara, CA or Remote",https://job-boards.greenhouse.io/oklo/jobs/5480416004
5818441004,oklo,Sourcing Specialist,"Santa Clara, CA or Remote",https://job-boards.greenhouse.io/oklo/jobs/5818441004
5641268004,oklo,"Sr. Manager, Hardware Test Engineering","Idaho Falls, ID Preferred; remote possible",https://job-boards.greenhouse.io/oklo/jobs/5641268004
5831538004,oklo,Strategic Partnerships Manager,"Santa Clara, CA or Remote",https://job-boards.greenhouse.io/oklo/jobs/5831538004
5833315004,oklo,Strategy Manager,"Santa Clara, CA or Remote",https://job-boards.greenhouse.io/oklo/jobs/5833315004
5649054004,oklo,"Systems Engineer, Requirements and Integration","Santa Clara, CA or Remote",https://job-boards.greenhouse.io/oklo/jobs/5649054004
5710536004,oklo,Thermal Hydraulic Test Engineer,"Idaho Falls, ID",https://job-boards.greenhouse.io/oklo/jobs/5710536004
5797784004,oklo,Turbomachinery Engineer,"Santa Clara, CA or Remote",https://job-boards.greenhouse.io/oklo/jobs/5797784004
5834545004,oklo,Visual Designer,"Santa Clara, CA or Remote",https://job-boards.greenhouse.io/oklo/jobs/5834545004
4991227007,verkada,"Account Executive, ASEAN",Singapore,https://job-boards.greenhouse.io/verkada/jobs/4991227007
4999870007,verkada,"Account Executive, Benelux",London,https://job-boards.greenhouse.io/verkada/jobs/4999870007
4087125007,verkada,"Account Executive, Denmark Region",London,https://job-boards.greenhouse.io/verkada/jobs/4087125007
4087134007,verkada,"Account Executive, France",London,https://job-boards.greenhouse.io/verkada/jobs/4087134007
5022072007,verkada,"Account Executive, Italy",London,https://job-boards.greenhouse.io/verkada/jobs/5022072007
4140723007,verkada,"Account Executive, LATAM","Mexico City, Mexico",https://job-boards.greenhouse.io/verkada/jobs/4140723007
5074752007,verkada,"Account Executive, Nordics ",London,https://job-boards.greenhouse.io/verkada/jobs/5074752007
4866484007,verkada,"Account Executive (Osaka, Japan)",Japan,https://job-boards.greenhouse.io/verkada/jobs/4866484007
4248001007,verkada,"Account Executive, Select, Austin","Austin, TX United States",https://job-boards.greenhouse.io/verkada/jobs/4248001007
4247993007,verkada,"Account Executive, Select, Phoenix","Phoenix, AZ United States",https://job-boards.greenhouse.io/verkada/jobs/4247993007
4388198007,verkada," Account Executive, Select, San Mateo (Corp)","San Mateo, CA United States",https://job-boards.greenhouse.io/verkada/jobs/4388198007
4388200007,verkada," Account Executive, Select, San Mateo (SLED)","San Mateo, CA United States",https://job-boards.greenhouse.io/verkada/jobs/4388200007
4911923007,verkada,"Account Executive, Seoul",South Korea,https://job-boards.greenhouse.io/verkada/jobs/4911923007
5042280007,verkada,"Account Executive, Singapore",Singapore,https://job-boards.greenhouse.io/verkada/jobs/5042280007
5054303007,verkada,"Account Executive, Spain",London,https://job-boards.greenhouse.io/verkada/jobs/5054303007
4999871007,verkada,"Account Executive, Sweden Region ",London,https://job-boards.greenhouse.io/verkada/jobs/4999871007
4086589007,verkada,"Account Executive, Sydney","Sydney, Australia",https://job-boards.greenhouse.io/verkada/jobs/4086589007
4267265007,verkada,"Account Executive, Territory, Canada","San Mateo, CA United States",https://job-boards.greenhouse.io/verkada/jobs/4267265007
5041521007,verkada,"Account Executive, Territory, Chicago","Chicago, IL United States",https://job-boards.greenhouse.io/verkada/jobs/5041521007
4103490007,verkada,"Account Executive, Territory (Mid-Market)","Philadelphia, PA United States",https://job-boards.greenhouse.io/verkada/jobs/4103490007
4087046007,verkada,"Account Executive, Territory (Mid-Market)","Austin, TX United States",https://job-boards.greenhouse.io/verkada/jobs/4087046007
4135236007,verkada,"Account Executive, Territory (Mid-Market)","Tempe, AZ United States",https://job-boards.greenhouse.io/verkada/jobs/4135236007
4087051007,verkada,"Account Executive, Territory (Mid-Market)","Salt Lake City, UT United States",https://job-boards.greenhouse.io/verkada/jobs/4087051007
4134175007,verkada,"Account Executive, Territory (Mid-Market)","St. Petersburg, FL United States",https://job-boards.greenhouse.io/verkada/jobs/4134175007
5027198007,verkada,"Account Executive, Territory (Mid-Market)","Los Angeles, CA United States",https://job-boards.greenhouse.io/verkada/jobs/5027198007
4103493007,verkada,"Account Executive, Territory (Mid-Market)","New York City, NY United States",https://job-boards.greenhouse.io/verkada/jobs/4103493007
5026955007,verkada,"Account Executive, Territory (Mid-Market)","Atlanta, GA United States",https://job-boards.greenhouse.io/verkada/jobs/5026955007
4651001007,verkada,"Account Executive, Territory (Mid-Market CORP)","San Mateo, CA United States",https://job-boards.greenhouse.io/verkada/jobs/4651001007
4650714007,verkada,"Account Executive, Territory (Mid-Market SLED)","San Mateo, CA United States",https://job-boards.greenhouse.io/verkada/jobs/4650714007
4915934007,verkada,"Account Executive, Tokyo","Tokyo, Japan",https://job-boards.greenhouse.io/verkada/jobs/4915934007
4135260007,verkada,"Account Executive, UK",London,https://job-boards.greenhouse.io/verkada/jobs/4135260007
5044478007,verkada,Accounts Receivable Specialist (Remote),"San Mateo, CA United States",https://job-boards.greenhouse.io/verkada/jobs/5044478007
5062005007,verkada,Alarms Monitoring Operations Lead,"San Mateo, CA United States",https://job-boards.greenhouse.io/verkada/jobs/5062005007
5077806007,verkada,Associate Creative Director,"San Mateo, CA United States",https://job-boards.greenhouse.io/verkada/jobs/5077806007
4945957007,verkada,"Associate, Pricing & Commercial Operations","San Mateo, CA United States",https://job-boards.greenhouse.io/verkada/jobs/4945957007
4595354007,verkada,Associate Solutions Engineering Program Manager,"San Mateo, CA United States",https://job-boards.greenhouse.io/verkada/jobs/4595354007
4135277007,verkada,"Associate Solutions Engineer, San Mateo","San Mateo, CA United States",https://job-boards.greenhouse.io/verkada/jobs/4135277007
5041591007,verkada,Associate Technical Recruiter,"San Mateo, CA United States",https://job-boards.greenhouse.io/verkada/jobs/5041591007
4915101007,verkada,Backend Engineer - Access Control,"San Mateo, CA United States",https://job-boards.greenhouse.io/verkada/jobs/4915101007
4128767007,verkada,Backend Engineer - Alerts and Operations,"San Mateo, CA United States",https://job-boards.greenhouse.io/verkada/jobs/4128767007
5026066007,verkada,Backend Software Engineer - University Graduate 2026,"San Mateo, CA United States",https://job-boards.greenhouse.io/verkada/jobs/5026066007
5080486007,verkada,"Business Analytics Sr. Associate, Strategic Finance & Business Operations ","San Mateo, CA United States",https://job-boards.greenhouse.io/verkada/jobs/5080486007
5077895007,verkada,Business Value Manager,"San Mateo, CA United States",https://job-boards.greenhouse.io/verkada/jobs/5077895007
5020615007,verkada,CAP Smokejumper,"San Mateo, CA United States",https://job-boards.greenhouse.io/verkada/jobs/5020615007
5055794007,verkada,"Channel Sales Manager, Bay Area","San Mateo, CA United States",https://job-boards.greenhouse.io/verkada/jobs/5055794007
5017847007,verkada,"Channel Sales Manager, Belgium",Belgium,https://job-boards.greenhouse.io/verkada/jobs/5017847007
4568144007,verkada,"Channel Sales Manager, Japan","Tokyo, Japan",https://job-boards.greenhouse.io/verkada/jobs/4568144007
5009999007,verkada,"Channel Sales Manager, Sweden","Stockholm, Sweden",https://job-boards.greenhouse.io/verkada/jobs/5009999007
5056364007,verkada,"Channel Sales Manager, WI/IA","Iowa, United States",https://job-boards.greenhouse.io/verkada/jobs/5056364007
5055722007,verkada,"Channel Sales Manager, WI/IA","Wisconsin, United States",https://job-boards.greenhouse.io/verkada/jobs/5055722007
4872410007,verkada,Communications Manager,"New York City, NY United States; San Mateo, CA United States",https://job-boards.greenhouse.io/verkada/jobs/4872410007
5040765007,verkada,Computer Vision Software Engineer - University Graduate 2026,"San Mateo, CA United States",https://job-boards.greenhouse.io/verkada/jobs/5040765007
5039079007,verkada,"Critical Accounts Program, Engineer","San Mateo, CA United States",https://job-boards.greenhouse.io/verkada/jobs/5039079007
4999244007,verkada,Customer Advocacy Lead,"San Mateo, CA United States",https://job-boards.greenhouse.io/verkada/jobs/4999244007
5064464007,verkada,"Data Strategy Associate, Global Revenue Informatics","San Mateo, CA United States",https://job-boards.greenhouse.io/verkada/jobs/5064464007
4970811007,verkada,"Demand Generation & Growth Marketing Manager, Channel Technical Programs","San Mateo, CA United States",https://job-boards.greenhouse.io/verkada/jobs/4970811007
5092583007,verkada,Demand Generation Manager,London,https://job-boards.greenhouse.io/verkada/jobs/5092583007
5055068007,verkada,Design Operations Coordinator,"San Mateo, CA United States",https://job-boards.greenhouse.io/verkada/jobs/5055068007
4252743007,verkada,Digital GTM Manager ,"San Mateo, CA United States",https://job-boards.greenhouse.io/verkada/jobs/4252743007
5046023007,verkada,"Director, Enterprise Solutions Engineering",Remote,https://job-boards.greenhouse.io/verkada/jobs/5046023007
5081188007,verkada,"Director of Firmware Engineering, Cameras","San Mateo, CA United States",https://job-boards.greenhouse.io/verkada/jobs/5081188007
5004415007,verkada,"Director of Product, Computer Vision and Artificial Intelligence","San Mateo, CA United States",https://job-boards.greenhouse.io/verkada/jobs/5004415007
5057188007,verkada,Director of Public Sector Business Development ,"San Mateo, CA United States; Washington, D.C. United States",https://job-boards.greenhouse.io/verkada/jobs/5057188007
4706884007,verkada,Director of Technical Content & Delivery,"San Mateo, CA United States",https://job-boards.greenhouse.io/verkada/jobs/4706884007
5088870007,verkada,"Director, Partner Solutions Engineering",United States,https://job-boards.greenhouse.io/verkada/jobs/5088870007
4134166007,verkada,Embedded Automated Test & Test System Engineer,Poland,https://job-boards.greenhouse.io/verkada/jobs/4134166007
4128748007,verkada,Embedded Engineering Lead - Streaming,"San Mateo, CA United States",https://job-boards.greenhouse.io/verkada/jobs/4128748007
4477836007,verkada,Embedded Engineering Manager - Alarms,"San Mateo, CA United States",https://job-boards.greenhouse.io/verkada/jobs/4477836007
4129347007,verkada,Embedded Linux Security Engineer,"San Mateo, CA United States",https://job-boards.greenhouse.io/verkada/jobs/4129347007
5043233007,verkada,Embedded Linux Software Engineer,"San Mateo, CA United States",https://job-boards.greenhouse.io/verkada/jobs/5043233007
4134156007,verkada,Embedded Software Engineer,Poland,https://job-boards.greenhouse.io/verkada/jobs/4134156007
5032260007,verkada,Embedded Software Engineer - Access Control,"San Mateo, CA United States",https://job-boards.greenhouse.io/verkada/jobs/5032260007
5035823007,verkada,Embedded UI Engineer,"San Mateo, CA United States",https://job-boards.greenhouse.io/verkada/jobs/5035823007
4632485007,verkada,EMEA Senior Counsel,London,https://job-boards.greenhouse.io/verkada/jobs/4632485007
5050450007,verkada,"Engineering Manager, Atlas (Spatial Systems)","San Mateo, CA United States",https://job-boards.greenhouse.io/verkada/jobs/5050450007
5083166007,verkada,"Engineering Manager, Quality & Test Engineering, Cameras","San Mateo, CA United States",https://job-boards.greenhouse.io/verkada/jobs/5083166007
5043028007,verkada,Enterprise Account Executive (Calgary),"Calgary, Canada",https://job-boards.greenhouse.io/verkada/jobs/5043028007
4998116007,verkada,Enterprise Account Executive (Chicago - SLED),"Chicago, IL United States",https://job-boards.greenhouse.io/verkada/jobs/4998116007
5064503007,verkada,"Enterprise Account Executive, Finland",Finland,https://job-boards.greenhouse.io/verkada/jobs/5064503007
4140486007,verkada,Enterprise Account Executive - France,"Paris, France",https://job-boards.greenhouse.io/verkada/jobs/4140486007
5034197007,verkada,Enterprise Account Executive (Houston - SLED),"Houston, TX United States",https://job-boards.greenhouse.io/verkada/jobs/5034197007
4978267007,verkada,Enterprise Account Executive (Kansas - SLED),"Kansas City, MO United States; Nebraska, United States",https://job-boards.greenhouse.io/verkada/jobs/4978267007
5043530007,verkada,Enterprise Account Executive (Northeast - State),"New Jersey, United States; New York City, NY United States",https://job-boards.greenhouse.io/verkada/jobs/5043530007
5059245007,verkada,Enterprise Account Executive (NOVA/MD - Muni),"Washington, D.C. United States",https://job-boards.greenhouse.io/verkada/jobs/5059245007
5056778007,verkada,Enterprise Account Executive (Ohio - SLED),"Ohio, United States",https://job-boards.greenhouse.io/verkada/jobs/5056778007
5035394007,verkada,Enterprise Account Executive (Rio Grande Valley - SLED),"San Antonio, TX United States",https://job-boards.greenhouse.io/verkada/jobs/5035394007
4913872007,verkada,"Enterprise Account Executive, Tokyo","Tokyo, Japan",https://job-boards.greenhouse.io/verkada/jobs/4913872007
5035425007,verkada,Enterprise Account Executive (Virginia Beach - SLED),"Virginia, United States",https://job-boards.greenhouse.io/verkada/jobs/5035425007
5042281007,verkada,"Enterprise Account Executive, WA (Remote)","Sydney, Australia",https://job-boards.greenhouse.io/verkada/jobs/5042281007
5007627007,verkada,Enterprise Account Executive (West - State),"Seattle, WA United States",https://job-boards.greenhouse.io/verkada/jobs/5007627007
4140679007,verkada,Enterprise Development Representative,"Austin, TX United States",https://job-boards.greenhouse.io/verkada/jobs/4140679007
4431168007,verkada,"Enterprise Development Representative, LATAM","Mexico City, Mexico",https://job-boards.greenhouse.io/verkada/jobs/4431168007
5007620007,verkada,"Enterprise Sales Account Executive,  State","Indianapolis, IN United States; Minneapolis, MN United States",https://job-boards.greenhouse.io/verkada/jobs/5007620007
5029686007,verkada,"Enterprise Sales Account Executive,  State (Southeast)","Atlanta, GA United States",https://job-boards.greenhouse.io/verkada/jobs/5029686007
5029695007,verkada,"Enterprise Sales Account Executive,  State (Virginia)","Charlotte, NC United States; Philadelphia, PA United States; Virginia, United States; West Virginia, United States",https://job-boards.greenhouse.io/verkada/jobs/5029695007
5037119007,verkada,Enterprise Sales Development Representative,"Sydney, Australia",https://job-boards.greenhouse.io/verkada/jobs/5037119007
4733685007,verkada,Enterprise Sales Enablement Manager,"San Mateo, CA United States",https://job-boards.greenhouse.io/verkada/jobs/4733685007
5035168007,verkada,Enterprise Sales Enablement Manager,"New York City, NY United States",https://job-boards.greenhouse.io/verkada/jobs/5035168007
4669998007,verkada,"Enterprise Solutions Engineer, Central Corp","Austin, TX United States",https://job-boards.greenhouse.io/verkada/jobs/4669998007
4086572007,verkada,"Enterprise Solutions Engineer, Greater Atlanta Area","Atlanta, GA United States",https://job-boards.greenhouse.io/verkada/jobs/4086572007
4388180007,verkada,"Enterprise Solutions Engineer, Greater Houston Area","Houston, TX United States",https://job-boards.greenhouse.io/verkada/jobs/4388180007
4991146007,verkada,"Enterprise Solutions Engineer, Greater Toronto Area","Toronto, Canada",https://job-boards.greenhouse.io/verkada/jobs/4991146007
4140688007,verkada,"Enterprise Solutions Engineer, Greater Vancouver Area","Vancouver, Canada",https://job-boards.greenhouse.io/verkada/jobs/4140688007
4992817007,verkada,"Enterprise Solutions Engineering Manager, Canada","Toronto, Canada",https://job-boards.greenhouse.io/verkada/jobs/4992817007
4184018007,verkada,"Enterprise Solutions Engineer - London, UK",London,https://job-boards.greenhouse.io/verkada/jobs/4184018007
5069449007,verkada,"Enterprise Solutions Engineer, Ohio/Indiana, SLED","Ohio, United States",https://job-boards.greenhouse.io/verkada/jobs/5069449007
4834059007,verkada,"Enterprise Solutions Engineer, West Coast","Portland, OR United States; San Mateo, CA United States; Seattle, WA United States",https://job-boards.greenhouse.io/verkada/jobs/4834059007
4141002007,verkada,Federal Solutions Engineer,"Washington, D.C. United States",https://job-boards.greenhouse.io/verkada/jobs/4141002007
4633545007,verkada,Field Chief Technology Officer,"San Mateo, CA United States",https://job-boards.greenhouse.io/verkada/jobs/4633545007
5011910007,verkada,Field Marketing Manager (Japan),"Tokyo, Japan",https://job-boards.greenhouse.io/verkada/jobs/5011910007
5082442007,verkada,"Field Marketing Manager - Mid-Market, East","New York City, NY United States",https://job-boards.greenhouse.io/verkada/jobs/5082442007
5085013007,verkada,"Field Marketing Manager - Mid-Market, East","Philadelphia, PA United States",https://job-boards.greenhouse.io/verkada/jobs/5085013007
5085014007,verkada,"Field Marketing Manager - Mid-Market, East","Tampa, FL United States",https://job-boards.greenhouse.io/verkada/jobs/5085014007
5085015007,verkada,"Field Marketing Manager - Mid-Market, West","Austin, TX United States",https://job-boards.greenhouse.io/verkada/jobs/5085015007
5082424007,verkada,"Field Marketing Manager - Mid-Market, West","San Mateo, CA United States",https://job-boards.greenhouse.io/verkada/jobs/5082424007
5017855007,verkada,Field Marketing Manager - Northern Europe ,Amsterdam,https://job-boards.greenhouse.io/verkada/jobs/5017855007
5026067007,verkada,Frontend Software Engineer - University Graduate 2026,"San Mateo, CA United States",https://job-boards.greenhouse.io/verkada/jobs/5026067007
4626011007,verkada,Fulfillment Specialist,"Taipei, Taiwan",https://job-boards.greenhouse.io/verkada/jobs/4626011007
5097450007,verkada,Fulfillment Specialist (Remote) ,"Denver, CO United States",https://job-boards.greenhouse.io/verkada/jobs/5097450007
5088291007,verkada,Fulfillment Specialist (Remote) ,"Chicago, IL United States",https://job-boards.greenhouse.io/verkada/jobs/5088291007
5095211007,verkada,Fulfillment Specialist (Remote) ,"Texas, United States",https://job-boards.greenhouse.io/verkada/jobs/5095211007
4128860007,verkada,Global Enterprise Account Executive,"Phoenix, AZ United States",https://job-boards.greenhouse.io/verkada/jobs/4128860007
4140713007,verkada,Global Solutions Engineer,United States,https://job-boards.greenhouse.io/verkada/jobs/4140713007
4176914007,verkada,"Global Solutions Engineer, LATAM","Mexico City, Mexico",https://job-boards.greenhouse.io/verkada/jobs/4176914007
4811931007,verkada,Global Sourcing Specialist ,"San Mateo, CA United States",https://job-boards.greenhouse.io/verkada/jobs/4811931007
4702541007,verkada,Go Software Engineer,Poland,https://job-boards.greenhouse.io/verkada/jobs/4702541007
5068617007,verkada,Growth Manager,"San Mateo, CA United States",https://job-boards.greenhouse.io/verkada/jobs/5068617007
5024738007,verkada,Growth Senior Associate,"San Mateo, CA United States",https://job-boards.greenhouse.io/verkada/jobs/5024738007
4207342007,verkada,Hardware Engineering Program Manager,"San Mateo, CA United States",https://job-boards.greenhouse.io/verkada/jobs/4207342007
5036396007,verkada,"Hardware Engineer, New Grad 2025","San Mateo, CA United States",https://job-boards.greenhouse.io/verkada/jobs/5036396007
5018852007,verkada,Head of Marketing Operations,"San Mateo, CA United States",https://job-boards.greenhouse.io/verkada/jobs/5018852007
5056727007,verkada,Healthcare Subject Matter Expert,"Raleigh, NC United States",https://job-boards.greenhouse.io/verkada/jobs/5056727007
5070008007,verkada,Industrial Design Intern,"San Mateo, CA United States",https://job-boards.greenhouse.io/verkada/jobs/5070008007
5057583007,verkada,IT Admin,Poland,https://job-boards.greenhouse.io/verkada/jobs/5057583007
4905626007,verkada,IT Engineer,"San Mateo, CA United States",https://job-boards.greenhouse.io/verkada/jobs/4905626007
4740808007,verkada,IT Operations Specialist (Contractor),"San Mateo, CA United States",https://job-boards.greenhouse.io/verkada/jobs/4740808007
5034529007,verkada,Junior Structural Packaging Designer - Taiwan,"Taipei, Taiwan",https://job-boards.greenhouse.io/verkada/jobs/5034529007
4548335007,verkada,Lead Embedded Engineer - Intercom,"San Mateo, CA United States",https://job-boards.greenhouse.io/verkada/jobs/4548335007
4145041007,verkada,Lead Product Designer,"San Mateo, CA United States",https://job-boards.greenhouse.io/verkada/jobs/4145041007
5050372007,verkada,Lead Product Designer - Design Systems,"San Mateo, CA United States",https://job-boards.greenhouse.io/verkada/jobs/5050372007
5023364007,verkada,"Lead Product Manager, New Alarms Product","San Mateo, CA United States",https://job-boards.greenhouse.io/verkada/jobs/5023364007
4989832007,verkada,Lead Software Engineer - Fleet Management,"San Mateo, CA United States",https://job-boards.greenhouse.io/verkada/jobs/4989832007
5015165007,verkada,"Legal Operations,  Billing & Spend Management","San Mateo, CA United States",https://job-boards.greenhouse.io/verkada/jobs/5015165007
4134153007,verkada,Linux Embedded Software Engineer,Poland,https://job-boards.greenhouse.io/verkada/jobs/4134153007
4922663007,verkada,Manager of Compensation,"San Mateo, CA United States",https://job-boards.greenhouse.io/verkada/jobs/4922663007
5082585007,verkada,"Manager, Strategic Finance & Business Operations ","San Mateo, CA United States",https://job-boards.greenhouse.io/verkada/jobs/5082585007
5070433007,verkada,"Marketing Development Representative, Southern Europe",London,https://job-boards.greenhouse.io/verkada/jobs/5070433007
4714156007,verkada,Marketing Operations Manager,"San Mateo, CA United States",https://job-boards.greenhouse.io/verkada/jobs/4714156007
5029710007,verkada,Marketing Recruiting Manager,"San Mateo, CA United States",https://job-boards.greenhouse.io/verkada/jobs/5029710007
4144772007,verkada, Marketing (Sales) Development Representative ,"San Mateo, CA United States",https://job-boards.greenhouse.io/verkada/jobs/4144772007
4596545007,verkada,Marketing (Sales) Development Representative (Bilingual English/Japanese),"Tokyo, Japan",https://job-boards.greenhouse.io/verkada/jobs/4596545007
5021999007,verkada,MBA Intern - Hardware Operations,"San Mateo, CA United States",https://job-boards.greenhouse.io/verkada/jobs/5021999007
4996420007,verkada,MBA Intern - Product,"San Mateo, CA United States",https://job-boards.greenhouse.io/verkada/jobs/4996420007
4996515007,verkada,MBA Intern - Product Marketing,"San Mateo, CA United States",https://job-boards.greenhouse.io/verkada/jobs/4996515007
4996476007,verkada,MBA Intern - Sales Strategy & Ops,"San Mateo, CA United States",https://job-boards.greenhouse.io/verkada/jobs/4996476007
4997091007,verkada,MBA Intern - Strategic Finance & Business Operations,"San Mateo, CA United States",https://job-boards.greenhouse.io/verkada/jobs/4997091007
4856201007,verkada,Mobile Engineer - Alarms,"San Mateo, CA United States",https://job-boards.greenhouse.io/verkada/jobs/4856201007
4945720007,verkada,"National Channel Sales Manager, Convergint (East Coast)","Raleigh, NC United States",https://job-boards.greenhouse.io/verkada/jobs/4945720007
5057505007,verkada,"National Channel Sales Manager, Convergint (Northeast)","Philadelphia, PA United States",https://job-boards.greenhouse.io/verkada/jobs/5057505007
5057506007,verkada,"National Channel Sales Manager, Convergint (Southeast)","Florida, United States",https://job-boards.greenhouse.io/verkada/jobs/5057506007
5057504007,verkada,"National Channel Sales Manager, Convergint (Southeast)","Atlanta, GA United States",https://job-boards.greenhouse.io/verkada/jobs/5057504007
4824487007,verkada,"National Channel Sales Manager, Midwest","Chicago, IL United States; Columbus, OH United States; Detroit, MI, United States; Indianapolis, IN United States; Kansas City, MO United States; Milwaukee, WI United States; Minneapolis, MN United States",https://job-boards.greenhouse.io/verkada/jobs/4824487007
5081074007,verkada,"National Channel Sales Manager, US Remote",United States,https://job-boards.greenhouse.io/verkada/jobs/5081074007
5054866007,verkada,Occupancy Planner ,"San Mateo, CA United States",https://job-boards.greenhouse.io/verkada/jobs/5054866007
5034542007,verkada,Packaging Program Manager - Taiwan,"Taipei, Taiwan",https://job-boards.greenhouse.io/verkada/jobs/5034542007
4997650007,verkada,People Partner,"San Mateo, CA United States",https://job-boards.greenhouse.io/verkada/jobs/4997650007
4135168007,verkada,Product Design Mechanical Engineer,"San Mateo, CA United States",https://job-boards.greenhouse.io/verkada/jobs/4135168007
4350342007,verkada,Product Design Mechanical Engineer (Taiwan),"Taipei, Taiwan",https://job-boards.greenhouse.io/verkada/jobs/4350342007
4964448007,verkada,"Product Manager, Business Systems & Analytics - People Systems","San Mateo, CA United States",https://job-boards.greenhouse.io/verkada/jobs/4964448007
5031132007,verkada,"Product Marketing Manager, GovTech","San Mateo, CA United States",https://job-boards.greenhouse.io/verkada/jobs/5031132007
5059662007,verkada,"Program & Marketing Manager, Executive Customer Programs","San Mateo, CA United States",https://job-boards.greenhouse.io/verkada/jobs/5059662007
5034450007,verkada,"Project Architect, Global Services",London,https://job-boards.greenhouse.io/verkada/jobs/5034450007
5092459007,verkada,"Project Manager, Global Revenue Informatics","San Mateo, CA United States",https://job-boards.greenhouse.io/verkada/jobs/5092459007
5042303007,verkada,Public Sector Account Executive (Montreal),"Montreal, Canada",https://job-boards.greenhouse.io/verkada/jobs/5042303007
5087065007,verkada,Recruiter - Marketing,"San Mateo, CA United States",https://job-boards.greenhouse.io/verkada/jobs/5087065007
5076831007,verkada,Recruiting Coordinator,London,https://job-boards.greenhouse.io/verkada/jobs/5076831007
4971486007,verkada,Recruiting Operations Manager,"San Mateo, CA United States",https://job-boards.greenhouse.io/verkada/jobs/4971486007
4202349007,verkada,"Regional Sales Director, VIC (Remote)","Melbourne, Australia",https://job-boards.greenhouse.io/verkada/jobs/4202349007
5044895007,verkada,"Regional Sales Manager, Channel (West)","San Mateo, CA United States",https://job-boards.greenhouse.io/verkada/jobs/5044895007
5055130007,verkada,"Regional Sales Manager, Channel (West)","Salt Lake City, UT United States",https://job-boards.greenhouse.io/verkada/jobs/5055130007
5055134007,verkada,"Regional Sales Manager, Channel (West)","Phoenix, AZ United States",https://job-boards.greenhouse.io/verkada/jobs/5055134007
4987362007,verkada,"Regional Sales Manager, LATAM","Mexico City, Mexico",https://job-boards.greenhouse.io/verkada/jobs/4987362007
4387668007,verkada,"Regional Sales Manager, Mid-Market","Tampa, FL United States",https://job-boards.greenhouse.io/verkada/jobs/4387668007
4140340007,verkada,"Regional Sales Manager, Mid-Market","San Mateo, CA United States",https://job-boards.greenhouse.io/verkada/jobs/4140340007
5070153007,verkada,"Regional Sales Manager, Northern Europe ",London,https://job-boards.greenhouse.io/verkada/jobs/5070153007
5018489007,verkada,"Regional Sales Manager, UK ",London,https://job-boards.greenhouse.io/verkada/jobs/5018489007
5042875007,verkada,Regulatory & Trade Compliance Manager,"San Mateo, CA United States",https://job-boards.greenhouse.io/verkada/jobs/5042875007
4086535007,verkada,"Sales Development Representative (AAE), Bay Area","San Mateo, CA United States",https://job-boards.greenhouse.io/verkada/jobs/4086535007
4135267007,verkada,"Sales Development Representative (AAE), Phoenix","Tempe, AZ United States",https://job-boards.greenhouse.io/verkada/jobs/4135267007
4087170007,verkada,"Sales Development Representative (AAE), Salt Lake City","Salt Lake City, UT United States",https://job-boards.greenhouse.io/verkada/jobs/4087170007
4135271007,verkada,"Sales Development Representative (AAE), Tampa","St. Petersburg, FL United States",https://job-boards.greenhouse.io/verkada/jobs/4135271007
4992015007,verkada,"Sales Enablement Lead, Mexico City","Mexico City, Mexico",https://job-boards.greenhouse.io/verkada/jobs/4992015007
4733698007,verkada,"Sales Enablement, Onboarding Manager","San Mateo, CA United States",https://job-boards.greenhouse.io/verkada/jobs/4733698007
5056456007,verkada,"Sales Recruiter, Mid-Market","Phoenix, AZ United States",https://job-boards.greenhouse.io/verkada/jobs/5056456007
5065537007,verkada,Sales Recruiting Manager (AAE),"San Mateo, CA United States",https://job-boards.greenhouse.io/verkada/jobs/5065537007
4086576007,verkada,Sales Strategy and Operations Associate,"San Mateo, CA United States",https://job-boards.greenhouse.io/verkada/jobs/4086576007
5062400007,verkada,Sales Strategy and Operations Associate - LATAM,"San Mateo, CA United States",https://job-boards.greenhouse.io/verkada/jobs/5062400007
4613974007,verkada,Sales Strategy and Operations Division Lead,"Salt Lake City, UT United States",https://job-boards.greenhouse.io/verkada/jobs/4613974007
4964446007,verkada,Sales Strategy and Operations Division Lead,"Austin, TX United States",https://job-boards.greenhouse.io/verkada/jobs/4964446007
5038150007,verkada,Sales Strategy and Operations Manager,"Tokyo, Japan",https://job-boards.greenhouse.io/verkada/jobs/5038150007
4855762007,verkada,Sales Strategy & Operations | Enterprise Lead,"New York City, NY United States",https://job-boards.greenhouse.io/verkada/jobs/4855762007
5044898007,verkada,Senior Android Engineer - Mobile Platform & Systems,"San Mateo, CA United States",https://job-boards.greenhouse.io/verkada/jobs/5044898007
5054211007,verkada,Senior Android Engineer - Streaming,"San Mateo, CA United States",https://job-boards.greenhouse.io/verkada/jobs/5054211007
5051023007,verkada,Senior Backend Engineer,"San Mateo, CA United States",https://job-boards.greenhouse.io/verkada/jobs/5051023007
4133907007,verkada,Senior Backend Engineer - Alarms,"San Mateo, CA United States",https://job-boards.greenhouse.io/verkada/jobs/4133907007
4128700007,verkada,Senior Backend Engineer - Alerts and Operations,"San Mateo, CA United States",https://job-boards.greenhouse.io/verkada/jobs/4128700007
4234743007,verkada,Senior Backend Engineer - Camera Foundation,"San Mateo, CA United States",https://job-boards.greenhouse.io/verkada/jobs/4234743007
5035271007,verkada,Senior Backend Engineer - Device Platform,"San Mateo, CA United States",https://job-boards.greenhouse.io/verkada/jobs/5035271007
5044568007,verkada,Senior Backend Engineer - FedRAMP,"San Mateo, CA United States",https://job-boards.greenhouse.io/verkada/jobs/5044568007
4525665007,verkada,"Senior Backend Engineer, Growth","San Mateo, CA United States",https://job-boards.greenhouse.io/verkada/jobs/4525665007
4128603007,verkada,Senior Backend Engineer - Streaming,"San Mateo, CA United States",https://job-boards.greenhouse.io/verkada/jobs/4128603007
4748019007,verkada,Senior Backend Software Engineer - Workplace Products,"San Mateo, CA United States",https://job-boards.greenhouse.io/verkada/jobs/4748019007
4261270007,verkada,Senior BSP Engineer - Cameras,"San Mateo, CA United States",https://job-boards.greenhouse.io/verkada/jobs/4261270007
4719445007,verkada,"Senior Channel Marketing Manager, Southeast (Remote)","Atlanta, GA United States; Remote; Tampa, FL United States",https://job-boards.greenhouse.io/verkada/jobs/4719445007
4174486007,verkada,Senior Embedded Engineer - Alarms,"San Mateo, CA United States",https://job-boards.greenhouse.io/verkada/jobs/4174486007
4874931007,verkada,Senior Embedded Engineer - Connectivity,"San Mateo, CA United States",https://job-boards.greenhouse.io/verkada/jobs/4874931007
5082680007,verkada,Senior Engineering Manager - Clients Platform,"San Mateo, CA United States",https://job-boards.greenhouse.io/verkada/jobs/5082680007
5019152007,verkada,Senior Field Marketing Manager (Global),"San Mateo, CA United States",https://job-boards.greenhouse.io/verkada/jobs/5019152007
5010533007,verkada,Senior Firmware Engineer,"San Mateo, CA United States",https://job-boards.greenhouse.io/verkada/jobs/5010533007
5070042007,verkada,Senior Frontend Engineer - Access Control,"San Mateo, CA United States",https://job-boards.greenhouse.io/verkada/jobs/5070042007
5007262007,verkada,"Senior Frontend Engineer, Business Systems","San Mateo, CA United States",https://job-boards.greenhouse.io/verkada/jobs/5007262007
4128656007,verkada,Senior Frontend Engineer - Streaming,"San Mateo, CA United States",https://job-boards.greenhouse.io/verkada/jobs/4128656007
4855415007,verkada,Senior Global Growth Manager,"San Mateo, CA United States",https://job-boards.greenhouse.io/verkada/jobs/4855415007
5082026007,verkada,Senior Global Lab Manager,"San Mateo, CA United States",https://job-boards.greenhouse.io/verkada/jobs/5082026007
5027435007,verkada,Senior Growth Product Manager,"San Mateo, CA United States",https://job-boards.greenhouse.io/verkada/jobs/5027435007
5042173007,verkada,"Senior Manager, Accounting","San Mateo, CA United States",https://job-boards.greenhouse.io/verkada/jobs/5042173007
4816590007,verkada,"Senior Manager/Director, Compliance","San Mateo, CA United States",https://job-boards.greenhouse.io/verkada/jobs/4816590007
5056474007,verkada,"Senior Manager, Government Contracts","Austin, TX United States; Salt Lake City, UT United States; San Mateo, CA United States",https://job-boards.greenhouse.io/verkada/jobs/5056474007
5089108007,verkada,Senior Privacy Counsel,"San Mateo, CA United States",https://job-boards.greenhouse.io/verkada/jobs/5089108007
5082756007,verkada,Senior Product Counsel,"Austin, TX United States",https://job-boards.greenhouse.io/verkada/jobs/5082756007
5082376007,verkada,Senior Product Counsel,"San Mateo, CA United States",https://job-boards.greenhouse.io/verkada/jobs/5082376007
4971857007,verkada,"Senior Product Manager, Access Control Core Hardware and Fleet Management","San Mateo, CA United States",https://job-boards.greenhouse.io/verkada/jobs/4971857007
4816589007,verkada,"Senior Product Manager, Video Platform","San Mateo, CA United States",https://job-boards.greenhouse.io/verkada/jobs/4816589007
4949028007,verkada,"Senior Project Engineer, Global Services","Tampa, FL United States",https://job-boards.greenhouse.io/verkada/jobs/4949028007
4985491007,verkada,"Senior Project Engineer, Global Services","Chicago, IL United States",https://job-boards.greenhouse.io/verkada/jobs/4985491007
4949024007,verkada,"Senior Project Engineer, Global Services","Austin, TX United States",https://job-boards.greenhouse.io/verkada/jobs/4949024007
4945152007,verkada,"Senior Project Engineer, Global Services","Austin, TX United States; New York City, NY United States; Philadelphia, PA United States; Tampa, FL United States",https://job-boards.greenhouse.io/verkada/jobs/4945152007
4949035007,verkada,"Senior Project Engineer, Global Services","New York City, NY United States",https://job-boards.greenhouse.io/verkada/jobs/4949035007
4949027007,verkada,"Senior Project Engineer, Global Services","Philadelphia, PA United States",https://job-boards.greenhouse.io/verkada/jobs/4949027007
4980976007,verkada,Senior Recruiter,"San Mateo, CA United States",https://job-boards.greenhouse.io/verkada/jobs/4980976007
4818850007,verkada,"Senior Software Engineer, Business Systems","San Mateo, CA United States",https://job-boards.greenhouse.io/verkada/jobs/4818850007
4170374007,verkada,Senior Software Engineer - Business Systems Data Infrastructure,"San Mateo, CA United States",https://job-boards.greenhouse.io/verkada/jobs/4170374007
4128752007,verkada,Senior Software Engineer - C++,"San Mateo, CA United States",https://job-boards.greenhouse.io/verkada/jobs/4128752007
4128785007,verkada,Senior Software Engineer - Camera Platform,"San Mateo, CA United States",https://job-boards.greenhouse.io/verkada/jobs/4128785007
4129305007,verkada,"Senior Software Engineer, Data Platform","San Mateo, CA United States",https://job-boards.greenhouse.io/verkada/jobs/4129305007
5064284007,verkada,Senior Software Engineer - iOS,"San Mateo, CA United States",https://job-boards.greenhouse.io/verkada/jobs/5064284007
5072508007,verkada,"Senior Software Engineer, Salesforce Platform","San Mateo, CA United States",https://job-boards.greenhouse.io/verkada/jobs/5072508007
5066093007,verkada,Senior Software Engineer – Storage Systems,"San Mateo, CA United States",https://job-boards.greenhouse.io/verkada/jobs/5066093007
5025366007,verkada,"Senior-Staff Software Engineer, Business Systems","San Mateo, CA United States",https://job-boards.greenhouse.io/verkada/jobs/5025366007
5075602007,verkada,"Senior-Staff Software Engineer, Engineering Productivity","San Mateo, CA United States",https://job-boards.greenhouse.io/verkada/jobs/5075602007
5063591007,verkada,"Senior-Staff Software Engineer, Platform Infrastructure","San Mateo, CA United States",https://job-boards.greenhouse.io/verkada/jobs/5063591007
5029724007,verkada,"Senior-Staff Software Engineer, Tooling","San Mateo, CA United States",https://job-boards.greenhouse.io/verkada/jobs/5029724007
5059796007,verkada,Senior Technical Recruiter - Product,"San Mateo, CA United States",https://job-boards.greenhouse.io/verkada/jobs/5059796007
4997665007,verkada,Senior Technical Support Engineer,"San Mateo, CA United States",https://job-boards.greenhouse.io/verkada/jobs/4997665007
5083834007,verkada,"Senior Test Engineer, Cameras","San Mateo, CA United States",https://job-boards.greenhouse.io/verkada/jobs/5083834007
4129338007,verkada,Site Reliability Engineer - Infrastructure,"San Mateo, CA United States",https://job-boards.greenhouse.io/verkada/jobs/4129338007
4128624007,verkada,Software Engineer - Computer Vision,"San Mateo, CA United States",https://job-boards.greenhouse.io/verkada/jobs/4128624007
4135093007,verkada,Software Engineer - Fleet Management,"San Mateo, CA United States",https://job-boards.greenhouse.io/verkada/jobs/4135093007
4134234007,verkada,Software Engineer - Imaging Systems,"San Mateo, CA United States",https://job-boards.greenhouse.io/verkada/jobs/4134234007
4189743007,verkada,Software Engineering Manager - Alarms,"San Mateo, CA United States",https://job-boards.greenhouse.io/verkada/jobs/4189743007
4205246007,verkada,Software Engineering Manager - Cameras,"San Mateo, CA United States",https://job-boards.greenhouse.io/verkada/jobs/4205246007
4997392007,verkada,Software Engineering Manager - Cameras,"San Mateo, CA United States",https://job-boards.greenhouse.io/verkada/jobs/4997392007
5096350007,verkada,"Software Engineering Manager, Data Protection Platform","San Mateo, CA United States",https://job-boards.greenhouse.io/verkada/jobs/5096350007
5044258007,verkada,"Software Engineering Manager, Growth","San Mateo, CA United States",https://job-boards.greenhouse.io/verkada/jobs/5044258007
5029725007,verkada,"Software Engineer, Platform Infrastructure","San Mateo, CA United States",https://job-boards.greenhouse.io/verkada/jobs/5029725007
4086501007,verkada,Solutions Engineer,"San Mateo, CA United States",https://job-boards.greenhouse.io/verkada/jobs/4086501007
4087168007,verkada,Solutions Engineer,"Austin, TX United States",https://job-boards.greenhouse.io/verkada/jobs/4087168007
4087164007,verkada,Solutions Engineer,"Salt Lake City, UT United States",https://job-boards.greenhouse.io/verkada/jobs/4087164007
4138083007,verkada,Solutions Engineer,"St. Petersburg, FL United States",https://job-boards.greenhouse.io/verkada/jobs/4138083007
4434293007,verkada,"Solutions Engineering Director, Select & Territory","San Mateo, CA United States",https://job-boards.greenhouse.io/verkada/jobs/4434293007
5019825007,verkada,"Solutions Engineering Manager, EMEA ",London,https://job-boards.greenhouse.io/verkada/jobs/5019825007
4191816007,verkada,Solutions Engineering Manager - NYC,"Manhattan, NY United States",https://job-boards.greenhouse.io/verkada/jobs/4191816007
4185105007,verkada,"Solutions Engineering Manager, Select & Territory","Tempe, AZ United States",https://job-boards.greenhouse.io/verkada/jobs/4185105007
4140266007,verkada,"Solutions Engineer, London",London,https://job-boards.greenhouse.io/verkada/jobs/4140266007
4140263007,verkada,Solutions Engineer - NYC,"New York City, NY United States",https://job-boards.greenhouse.io/verkada/jobs/4140263007
5039271007,verkada,Sponsorship Sales & Event Marketing Manager,"Austin, TX United States; San Mateo, CA United States",https://job-boards.greenhouse.io/verkada/jobs/5039271007
4984687007,verkada,"(Sr) Associate, Corporate Development","San Mateo, CA United States",https://job-boards.greenhouse.io/verkada/jobs/4984687007
4855765007,verkada,"(Sr) Associate, Strategic Finance & Business Operations","San Mateo, CA United States",https://job-boards.greenhouse.io/verkada/jobs/4855765007
5023333007,verkada,"Sr Channel Sales Manager, Midwest","Chicago, IL United States; Michigan, United States; Minneapolis, MN United States; Wisconsin, United States",https://job-boards.greenhouse.io/verkada/jobs/5023333007
4921524007,verkada,(Sr.) Director/ Head of Compensation,"San Mateo, CA United States",https://job-boards.greenhouse.io/verkada/jobs/4921524007
4910581007,verkada,Sr. Director/VP of Enterprise Data,"San Mateo, CA United States",https://job-boards.greenhouse.io/verkada/jobs/4910581007
5093518007,verkada,Sr. GTM Operations Recruiter,"San Mateo, CA United States",https://job-boards.greenhouse.io/verkada/jobs/5093518007
4527394007,verkada,Sr. IT Systems Engineer ,"San Mateo, CA United States",https://job-boards.greenhouse.io/verkada/jobs/4527394007
4855766007,verkada,"(Sr.) Manager, Strategic Finance & Business Operations - Marketing","San Mateo, CA United States",https://job-boards.greenhouse.io/verkada/jobs/4855766007
4759203007,verkada,"Sr. Manager, Technical Programs","San Mateo, CA United States",https://job-boards.greenhouse.io/verkada/jobs/4759203007
5037062007,verkada,"Sr. Product Marketing Manager/Product Marketing Manager, Solutions","San Mateo, CA United States",https://job-boards.greenhouse.io/verkada/jobs/5037062007
5007119007,verkada,Sr. Trade & Dangerous Goods Manager,"San Mateo, CA United States",https://job-boards.greenhouse.io/verkada/jobs/5007119007
4990280007,verkada,Sr. Tradeshow and Event Marketing Manager,"Austin, TX United States; New York City, NY United States; Philadelphia, PA United States; Phoenix, AZ United States; Salt Lake City, UT United States; San Mateo, CA United States; Tampa, FL United States",https://job-boards.greenhouse.io/verkada/jobs/4990280007
5051027007,verkada,Staff Android Engineer - Streaming,"San Mateo, CA United States",https://job-boards.greenhouse.io/verkada/jobs/5051027007
5029602007,verkada,Staff Embedded Software Engineer - Camera Firmware,"San Mateo, CA United States",https://job-boards.greenhouse.io/verkada/jobs/5029602007
4125961007,verkada,Staff Frontend Engineer - Alarms,"San Mateo, CA United States",https://job-boards.greenhouse.io/verkada/jobs/4125961007
4135234007,verkada,"Staff Frontend Engineer, Growth","San Mateo, CA United States",https://job-boards.greenhouse.io/verkada/jobs/4135234007
5010534007,verkada,Staff Frontend Engineer - Mapping & Spatial Platform,"San Mateo, CA United States",https://job-boards.greenhouse.io/verkada/jobs/5010534007
4663405007,verkada,Staff+ Product Security Engineer,"San Mateo, CA United States",https://job-boards.greenhouse.io/verkada/jobs/4663405007
4721339007,verkada,Strategic Sourcing Manager,"San Mateo, CA United States",https://job-boards.greenhouse.io/verkada/jobs/4721339007
5039369007,verkada,Technical Recruiter - Product Design,"San Mateo, CA United States",https://job-boards.greenhouse.io/verkada/jobs/5039369007
5050593007,verkada,Technical Support Engineer,"Sydney, Australia",https://job-boards.greenhouse.io/verkada/jobs/5050593007
5063200007,verkada,Technical Support Engineer,"San Mateo, CA United States",https://job-boards.greenhouse.io/verkada/jobs/5063200007
4925509007,verkada,Technical Support Engineer - Industrial Placement (12-months),London,https://job-boards.greenhouse.io/verkada/jobs/4925509007
5017082007,verkada,Technical Support Engineering Intern - Fall 2026,"San Mateo, CA United States",https://job-boards.greenhouse.io/verkada/jobs/5017082007
4838307007,verkada,Technical Support Engineering Intern - Summer 2026,"San Mateo, CA United States",https://job-boards.greenhouse.io/verkada/jobs/4838307007
4715534007,verkada,Technical Support Engineer - University Graduate 2026,"San Mateo, CA United States",https://job-boards.greenhouse.io/verkada/jobs/4715534007
5084056007,verkada,"TPM (Technical Program Manager), Camera Software","San Mateo, CA United States",https://job-boards.greenhouse.io/verkada/jobs/5084056007
4990284007,verkada,Tradeshow Associate,"Austin, TX United States; New York City, NY United States; Philadelphia, PA United States; Phoenix, AZ United States; Salt Lake City, UT United States; San Mateo, CA United States; Tampa, FL United States",https://job-boards.greenhouse.io/verkada/jobs/4990284007
5048307007,verkada,"Vice President of Solutions Engineering, Enterprise","San Mateo, CA United States",https://job-boards.greenhouse.io/verkada/jobs/5048307007
5078467007,verkada,Workplace Operations Manager,"Taipei, Taiwan",https://job-boards.greenhouse.io/verkada/jobs/5078467007
4955956007,beautifulai,Account Executive,Remote,https://job-boards.greenhouse.io/beautifulai/jobs/4955956007
5055492007,beautifulai,GTM Engineer,Remote,https://job-boards.greenhouse.io/beautifulai/jobs/5055492007
8427900002,addepar1,Account Executive,"New York, NY",https://job-boards.greenhouse.io/addepar1/jobs/8427900002
8481348002,addepar1,Account Executive,"Remote, USA",https://job-boards.greenhouse.io/addepar1/jobs/8481348002
8121873002,addepar1,AddeGrad Program (2026) - Client Solutions Analyst,"Edinburgh, UK",https://job-boards.greenhouse.io/addepar1/jobs/8121873002
8408891002,addepar1,Alts Data Operations Analyst,"Pune, India",https://job-boards.greenhouse.io/addepar1/jobs/8408891002
8451459002,addepar1,Automation Specialist-Operations,"Pune, India",https://job-boards.greenhouse.io/addepar1/jobs/8451459002
8387694002,addepar1,Backend Software Engineer - Investor Solutions,"New York, NY",https://job-boards.greenhouse.io/addepar1/jobs/8387694002
8451828002,addepar1,Backend Software Engineer - Portfolio Data Workflows,"Edinburgh, UK",https://job-boards.greenhouse.io/addepar1/jobs/8451828002
8233509002,addepar1,Business Development Representative,"New York, NY",https://job-boards.greenhouse.io/addepar1/jobs/8233509002
8438539002,addepar1,Business Systems Quality Assurance (QA) Engineer,"Remote, Canada",https://job-boards.greenhouse.io/addepar1/jobs/8438539002
8120254002,addepar1,Chief of Staff - R&D,"New York, NY",https://job-boards.greenhouse.io/addepar1/jobs/8120254002
8233496002,addepar1,Client Success Manager,"São Paulo, Brazil",https://job-boards.greenhouse.io/addepar1/jobs/8233496002
8446634002,addepar1,Client Support Analyst,"Edinburgh, UK",https://job-boards.greenhouse.io/addepar1/jobs/8446634002
8305686002,addepar1,Commercial Finance Analyst ,"Pune, India",https://job-boards.greenhouse.io/addepar1/jobs/8305686002
8464433002,addepar1,Communications Manager,"New York, NY",https://job-boards.greenhouse.io/addepar1/jobs/8464433002
8111228002,addepar1,Copywriter ,"Remote, Canada",https://job-boards.greenhouse.io/addepar1/jobs/8111228002
8471221002,addepar1,Data Conversion Project Manager (Pune),"Pune, India",https://job-boards.greenhouse.io/addepar1/jobs/8471221002
8460797002,addepar1,Data Onboarding Specialist,"Salt Lake City, UT",https://job-boards.greenhouse.io/addepar1/jobs/8460797002
8353530002,addepar1,Data Onboarding Specialist,"Remote, Pune, India",https://job-boards.greenhouse.io/addepar1/jobs/8353530002
8478903002,addepar1,Data Solutions Consultant,"Pune, India",https://job-boards.greenhouse.io/addepar1/jobs/8478903002
8479674002,addepar1,Enterprise Growth Engineer,"New York, NY",https://job-boards.greenhouse.io/addepar1/jobs/8479674002
8398628002,addepar1,Executive Assistant,"New York, NY",https://job-boards.greenhouse.io/addepar1/jobs/8398628002
8250049002,addepar1,Forward Deployed Engineer,"Remote, Singapore; Singapore",https://job-boards.greenhouse.io/addepar1/jobs/8250049002
7760220002,addepar1,Forward Deployed Engineer,"Remote, USA",https://job-boards.greenhouse.io/addepar1/jobs/7760220002
8387708002,addepar1,Fullstack Software Engineer,"Edinburgh, UK",https://job-boards.greenhouse.io/addepar1/jobs/8387708002
8402757002,addepar1,Full Stack Software Engineer - Alts & Data Management,"Edinburgh, UK",https://job-boards.greenhouse.io/addepar1/jobs/8402757002
8461617002,addepar1,Full Stack Software Engineer - Feed & Workflow Intelligence,"Edinburgh, UK",https://job-boards.greenhouse.io/addepar1/jobs/8461617002
8376104002,addepar1,Head of Solution Specialists,"New York, NY",https://job-boards.greenhouse.io/addepar1/jobs/8376104002
8426177002,addepar1,Implementation Project Manager ,"Edinburgh, UK",https://job-boards.greenhouse.io/addepar1/jobs/8426177002
8386980002,addepar1,"Manager, Business Development - Inside Sales","New York, NY",https://job-boards.greenhouse.io/addepar1/jobs/8386980002
8460878002,addepar1,"Manager, Market Data Operations","Pune, India",https://job-boards.greenhouse.io/addepar1/jobs/8460878002
8451871002,addepar1,Portfolio Data Operations Analyst,"Edinburgh, UK",https://job-boards.greenhouse.io/addepar1/jobs/8451871002
8451571002,addepar1,Portfolio Data Operations Analyst - Night Shift,"Pune, India",https://job-boards.greenhouse.io/addepar1/jobs/8451571002
8450191002,addepar1,Portfolio Performance Analyst,"Salt Lake City, UT",https://job-boards.greenhouse.io/addepar1/jobs/8450191002
8436321002,addepar1,Portfolio Performance Analyst,"Edinburgh, UK",https://job-boards.greenhouse.io/addepar1/jobs/8436321002
8394993002,addepar1,"Regional Director, People Partner - EMEA","London, UK",https://job-boards.greenhouse.io/addepar1/jobs/8394993002
8231904002,addepar1,Revenue Accountant,"Pune, India",https://job-boards.greenhouse.io/addepar1/jobs/8231904002
8354331002,addepar1,Sales Enablement Manager - Client Success,"New York, NY",https://job-boards.greenhouse.io/addepar1/jobs/8354331002
8451461002,addepar1,Sales Engineer,"Remote, USA",https://job-boards.greenhouse.io/addepar1/jobs/8451461002
8457461002,addepar1,Sales Engineer,"New York, NY",https://job-boards.greenhouse.io/addepar1/jobs/8457461002
8133465002,addepar1,Sales Executive,Singapore,https://job-boards.greenhouse.io/addepar1/jobs/8133465002
8461619002,addepar1,Senior Legal Counsel (EMEA),"Remote, UK",https://job-boards.greenhouse.io/addepar1/jobs/8461619002
8249306002,addepar1,Software Engineer ,"Pune, India",https://job-boards.greenhouse.io/addepar1/jobs/8249306002
8460905002,addepar1,Software Engineer - Framework Integration and Tooling ,"Edinburgh, UK",https://job-boards.greenhouse.io/addepar1/jobs/8460905002
8428594002,addepar1,Software Engineering Manager,"New York, NY",https://job-boards.greenhouse.io/addepar1/jobs/8428594002
8387701002,addepar1,"Software Engineering Manager, Data Intelligence","New York, NY",https://job-boards.greenhouse.io/addepar1/jobs/8387701002
8387742002,addepar1,Software Engineering Manager - Investor Solutions,"Edinburgh, UK",https://job-boards.greenhouse.io/addepar1/jobs/8387742002
8460804002,addepar1,Software Engineering Manager - Workflow Platform,"New York, NY",https://job-boards.greenhouse.io/addepar1/jobs/8460804002
8451446002,addepar1,Software Engineer - Portfolio Services ,"New York, NY",https://job-boards.greenhouse.io/addepar1/jobs/8451446002
8426180002,addepar1,Solutions Consultant,"Geneva, Switzerland",https://job-boards.greenhouse.io/addepar1/jobs/8426180002
8460097002,addepar1,Solutions Consultant,"DIFC, Dubai, UAE",https://job-boards.greenhouse.io/addepar1/jobs/8460097002
8233498002,addepar1,Solutions Consultant,"São Paulo, Brazil",https://job-boards.greenhouse.io/addepar1/jobs/8233498002
8427888002,addepar1,Solutions Consultant,"Edinburgh, UK",https://job-boards.greenhouse.io/addepar1/jobs/8427888002
7883853002,addepar1, Sr. Account Executive - Institutions,"DIFC, Dubai, UAE",https://job-boards.greenhouse.io/addepar1/jobs/7883853002
8367508002,addepar1,Sr. Backend Software Engineer,"Pune, India",https://job-boards.greenhouse.io/addepar1/jobs/8367508002
8387702002,addepar1,Sr. Backend Software Engineer,"Edinburgh, UK",https://job-boards.greenhouse.io/addepar1/jobs/8387702002
8459095002,addepar1,Sr. Backend Software Engineer - Platform Integration,"Edinburgh, UK",https://job-boards.greenhouse.io/addepar1/jobs/8459095002
8460099002,addepar1,Sr. Client Success Manager,"DIFC, Dubai, UAE",https://job-boards.greenhouse.io/addepar1/jobs/8460099002
8389600002,addepar1,Sr. Client Success Manager - Enterprise,"New York, NY",https://job-boards.greenhouse.io/addepar1/jobs/8389600002
8162649002,addepar1,Sr. Data Solutions Consultant,"New York, NY",https://job-boards.greenhouse.io/addepar1/jobs/8162649002
8445635002,addepar1,Sr. Data Solutions Strategist,"New York, NY",https://job-boards.greenhouse.io/addepar1/jobs/8445635002
8470944002,addepar1,Sr. Enterprise Growth Engineer,"New York, NY; Remote, USA",https://job-boards.greenhouse.io/addepar1/jobs/8470944002
7760222002,addepar1,Sr. Forward Deployed Engineer,"Remote, USA",https://job-boards.greenhouse.io/addepar1/jobs/7760222002
8367513002,addepar1,Sr. Frontend Software Engineer - Alts & Data Management ,"Edinburgh, UK",https://job-boards.greenhouse.io/addepar1/jobs/8367513002
8409067002,addepar1,Sr. People Business Partner ,"Edinburgh, UK",https://job-boards.greenhouse.io/addepar1/jobs/8409067002
8442520002,addepar1,"Sr. Performance Marketing Manager, RIAs","New York, NY",https://job-boards.greenhouse.io/addepar1/jobs/8442520002
8426069002,addepar1,Sr. Portfolio Data Discovery Analyst,"Remote, USA",https://job-boards.greenhouse.io/addepar1/jobs/8426069002
8387739002,addepar1,Sr. Product Designer - Data Management,"Remote, UK",https://job-boards.greenhouse.io/addepar1/jobs/8387739002
8470946002,addepar1,Sr. Product Manager - API Strategy and Customer Identity,"Remote, UK",https://job-boards.greenhouse.io/addepar1/jobs/8470946002
8468213002,addepar1,Sr. Product Manager- Mobile,"Remote, UK",https://job-boards.greenhouse.io/addepar1/jobs/8468213002
8436403002,addepar1,Sr. Sales Engineer,"New York, NY",https://job-boards.greenhouse.io/addepar1/jobs/8436403002
8426054002,addepar1,Sr. Sales Engineer,"Remote, USA",https://job-boards.greenhouse.io/addepar1/jobs/8426054002
8124987002,addepar1,Sr. Sales Executive,Singapore,https://job-boards.greenhouse.io/addepar1/jobs/8124987002
8479770002,addepar1,Sr. Software Engineer - AI/ML - AI Platform,"New York, NY",https://job-boards.greenhouse.io/addepar1/jobs/8479770002
8310618002,addepar1,Sr. Staff Software Engineer - Investment Data Platform,"Remote, USA",https://job-boards.greenhouse.io/addepar1/jobs/8310618002
8467943002,addepar1,"Sr. Technical Writer, API Docs","Remote, Canada",https://job-boards.greenhouse.io/addepar1/jobs/8467943002
8143161002,addepar1,Staff Engineer - Trading,"Pune, India",https://job-boards.greenhouse.io/addepar1/jobs/8143161002
8332168002,addepar1,Staff Product Manager - AI Platform,"New York, NY",https://job-boards.greenhouse.io/addepar1/jobs/8332168002
7979578002,addepar1,Staff Software Engineer,"Edinburgh, UK",https://job-boards.greenhouse.io/addepar1/jobs/7979578002
8460853002,addepar1,Talent Operations Manager,"New York, NY",https://job-boards.greenhouse.io/addepar1/jobs/8460853002
8067670002,addepar1,Technical Data Analyst - Python,"Pune, India",https://job-boards.greenhouse.io/addepar1/jobs/8067670002
8393373002,addepar1,Technical Recruiting Sourcer ,"Edinburgh, UK",https://job-boards.greenhouse.io/addepar1/jobs/8393373002
8389606002,addepar1,Technical Solution Architect,"Salt Lake City, UT",https://job-boards.greenhouse.io/addepar1/jobs/8389606002
8402392002,addepar1,Technical Solution Architect,"Edinburgh, UK",https://job-boards.greenhouse.io/addepar1/jobs/8402392002
8470951002,addepar1,Technical Solutions Architect,"New York, NY",https://job-boards.greenhouse.io/addepar1/jobs/8470951002
8427509002,addepar1,Trading Solutions Specialist,"New York, NY",https://job-boards.greenhouse.io/addepar1/jobs/8427509002
8427566002,addepar1,Trading Solutions Specialist,"Remote, USA",https://job-boards.greenhouse.io/addepar1/jobs/8427566002
8442759002,addepar1,"VP, General Counsel","New York, NY",https://job-boards.greenhouse.io/addepar1/jobs/8442759002
5828847004,humansignal,AI Engineer (GTM),Remote,https://job-boards.greenhouse.io/humansignal/jobs/5828847004
5700066004,humansignal,AI Trainer Onboarding and Support Specialist,"San Francisco, CA",https://job-boards.greenhouse.io/humansignal/jobs/5700066004
5700065004,humansignal,AI Trainer Onboarding and Support Specialist,"Austin, Texas",https://job-boards.greenhouse.io/humansignal/jobs/5700065004
5718984004,humansignal,Architecture Expert,Remote,https://job-boards.greenhouse.io/humansignal/jobs/5718984004
5747304004,humansignal,Coding Expert (US & International),Remote,https://job-boards.greenhouse.io/humansignal/jobs/5747304004
5825271004,humansignal,Content Creator (Flexible Gig),Remote,https://job-boards.greenhouse.io/humansignal/jobs/5825271004
5699247004,humansignal,Customer Engagement Manager,"Austin, Texas",https://job-boards.greenhouse.io/humansignal/jobs/5699247004
5699246004,humansignal,Customer Engagement Manager,"San Francisco, CA",https://job-boards.greenhouse.io/humansignal/jobs/5699246004
5699251004,humansignal,Customer Engagement Manager,"New York, NY",https://job-boards.greenhouse.io/humansignal/jobs/5699251004
4641351004,humansignal,Customer Success Manager - Enterprise,Remote - San Francisco Bay Area or NYC area,https://job-boards.greenhouse.io/humansignal/jobs/4641351004
5823725004,humansignal,Data Annotation Contributor ,International,https://job-boards.greenhouse.io/humansignal/jobs/5823725004
5823650004,humansignal,Data Collection Contributor,Germany,https://job-boards.greenhouse.io/humansignal/jobs/5823650004
5823649004,humansignal,Data Collection Contributor,Finland,https://job-boards.greenhouse.io/humansignal/jobs/5823649004
5823648004,humansignal,Data Collection Contributor,Denmark,https://job-boards.greenhouse.io/humansignal/jobs/5823648004
5823647004,humansignal,Data Collection Contributor,Czech Republic,https://job-boards.greenhouse.io/humansignal/jobs/5823647004
5823646004,humansignal,Data Collection Contributor,Croatia,https://job-boards.greenhouse.io/humansignal/jobs/5823646004
5823645004,humansignal,Data Collection Contributor,Colombia,https://job-boards.greenhouse.io/humansignal/jobs/5823645004
5823644004,humansignal,Data Collection Contributor,Chile,https://job-boards.greenhouse.io/humansignal/jobs/5823644004
5823643004,humansignal,Data Collection Contributor,Canada,https://job-boards.greenhouse.io/humansignal/jobs/5823643004
5823642004,humansignal,Data Collection Contributor,Bulgaria,https://job-boards.greenhouse.io/humansignal/jobs/5823642004
5823640004,humansignal,Data Collection Contributor,Austria,https://job-boards.greenhouse.io/humansignal/jobs/5823640004
5823639004,humansignal,Data Collection Contributor,Remote,https://job-boards.greenhouse.io/humansignal/jobs/5823639004
5823656004,humansignal,Data Collection Contributor,Poland,https://job-boards.greenhouse.io/humansignal/jobs/5823656004
5823641004,humansignal,Data Collection Contributor,United States,https://job-boards.greenhouse.io/humansignal/jobs/5823641004
5823660004,humansignal,Data Collection Contributor,United Kingdom,https://job-boards.greenhouse.io/humansignal/jobs/5823660004
5823659004,humansignal,Data Collection Contributor,Thailand,https://job-boards.greenhouse.io/humansignal/jobs/5823659004
5823658004,humansignal,Data Collection Contributor,South Africa,https://job-boards.greenhouse.io/humansignal/jobs/5823658004
5823657004,humansignal,Data Collection Contributor,Romania,https://job-boards.greenhouse.io/humansignal/jobs/5823657004
5823655004,humansignal,Data Collection Contributor,Netherlands,https://job-boards.greenhouse.io/humansignal/jobs/5823655004
5823654004,humansignal,Data Collection Contributor,Malaysia,https://job-boards.greenhouse.io/humansignal/jobs/5823654004
5823653004,humansignal,Data Collection Contributor,Italy,https://job-boards.greenhouse.io/humansignal/jobs/5823653004
5823652004,humansignal,Data Collection Contributor,Ireland,https://job-boards.greenhouse.io/humansignal/jobs/5823652004
5823651004,humansignal,Data Collection Contributor,Greece,https://job-boards.greenhouse.io/humansignal/jobs/5823651004
5774188004,humansignal,Data Collector (Austria),Austria,https://job-boards.greenhouse.io/humansignal/jobs/5774188004
5774190004,humansignal,Data Collector (Bulgaria),Bulgaria,https://job-boards.greenhouse.io/humansignal/jobs/5774190004
5774191004,humansignal,Data Collector (Canada),Canada,https://job-boards.greenhouse.io/humansignal/jobs/5774191004
5774192004,humansignal,Data Collector (Chile),Chile,https://job-boards.greenhouse.io/humansignal/jobs/5774192004
5774194004,humansignal,Data Collector (Colombia),Colombia,https://job-boards.greenhouse.io/humansignal/jobs/5774194004
5774195004,humansignal,Data Collector (Croatia),Croatia,https://job-boards.greenhouse.io/humansignal/jobs/5774195004
5774196004,humansignal,Data Collector (Czech Republic),Czech Republic,https://job-boards.greenhouse.io/humansignal/jobs/5774196004
5774197004,humansignal,Data Collector (Denmark),Denmark,https://job-boards.greenhouse.io/humansignal/jobs/5774197004
5774198004,humansignal,Data Collector (Finland),Finland,https://job-boards.greenhouse.io/humansignal/jobs/5774198004
5774199004,humansignal,Data Collector (Germany),Germany,https://job-boards.greenhouse.io/humansignal/jobs/5774199004
5774200004,humansignal,Data Collector (Greece),Greece,https://job-boards.greenhouse.io/humansignal/jobs/5774200004
5774193004,humansignal,Data Collector (International),International,https://job-boards.greenhouse.io/humansignal/jobs/5774193004
5774201004,humansignal,Data Collector (Ireland),Ireland,https://job-boards.greenhouse.io/humansignal/jobs/5774201004
5774202004,humansignal,Data Collector (Italy),Italy,https://job-boards.greenhouse.io/humansignal/jobs/5774202004
5774203004,humansignal,Data Collector (Malaysia),Malaysia,https://job-boards.greenhouse.io/humansignal/jobs/5774203004
5774204004,humansignal,Data Collector (Netherlands),Netherlands,https://job-boards.greenhouse.io/humansignal/jobs/5774204004
5774205004,humansignal,Data Collector (Poland),Poland,https://job-boards.greenhouse.io/humansignal/jobs/5774205004
5774206004,humansignal,Data Collector (Romania),Romania,https://job-boards.greenhouse.io/humansignal/jobs/5774206004
5774208004,humansignal,Data Collector (South Africa),South Africa,https://job-boards.greenhouse.io/humansignal/jobs/5774208004
5774207004,humansignal,Data Collector (Thailand),Thailand,https://job-boards.greenhouse.io/humansignal/jobs/5774207004
5774209004,humansignal,Data Collector (United Kingdom),United Kingdom,https://job-boards.greenhouse.io/humansignal/jobs/5774209004
5726468004,humansignal,"Data Study Participant (Columbus, Ohio)","Columbus, Ohio",https://job-boards.greenhouse.io/humansignal/jobs/5726468004
5818345004,humansignal,"Data Study Participant (Columbus, Ohio)","Columbus, Ohio",https://job-boards.greenhouse.io/humansignal/jobs/5818345004
5750936004,humansignal,"Data Study Participant (Onsite Columbus, Ohio)","Columbus, Ohio",https://job-boards.greenhouse.io/humansignal/jobs/5750936004
5699632004,humansignal,"Director, Delivery and Strategy","Austin, Texas",https://job-boards.greenhouse.io/humansignal/jobs/5699632004
5747313004,humansignal,English Writing Generalist (US & International),Remote,https://job-boards.greenhouse.io/humansignal/jobs/5747313004
4523770004,humansignal,Enterprise Account Executive,Remote,https://job-boards.greenhouse.io/humansignal/jobs/4523770004
5728178004,humansignal,Enterprise Account Executive - EMEA,Remote,https://job-boards.greenhouse.io/humansignal/jobs/5728178004
5725468004,humansignal,Graphic Design Expert,International,https://job-boards.greenhouse.io/humansignal/jobs/5725468004
5774253004,humansignal,Graphic Design Expert (International),International,https://job-boards.greenhouse.io/humansignal/jobs/5774253004
5775755004,humansignal,Graphic Design Expert (Philippines),Philippines,https://job-boards.greenhouse.io/humansignal/jobs/5775755004
5747192004,humansignal,Growth and Operations Manager,"Columbus, Ohio",https://job-boards.greenhouse.io/humansignal/jobs/5747192004
5699262004,humansignal,Growth Operations Lead,"Austin, Texas",https://job-boards.greenhouse.io/humansignal/jobs/5699262004
5699300004,humansignal,High Volume Recruiter,"Austin, Texas",https://job-boards.greenhouse.io/humansignal/jobs/5699300004
5800364004,humansignal,"HumanSignal | Columbus, Ohio | Hybrid | Spring/Summer 2026","Columbus, Ohio",https://job-boards.greenhouse.io/humansignal/jobs/5800364004
5747295004,humansignal,Math Expert (US & International),Remote,https://job-boards.greenhouse.io/humansignal/jobs/5747295004
5787553004,humansignal,Office Manager/Site Leader,"Columbus, Ohio",https://job-boards.greenhouse.io/humansignal/jobs/5787553004
5787550004,humansignal,Operations Administrator,"Columbus, Ohio",https://job-boards.greenhouse.io/humansignal/jobs/5787550004
5699234004,humansignal,Operations and Delivery Lead,"Austin, Texas",https://job-boards.greenhouse.io/humansignal/jobs/5699234004
5699236004,humansignal,Operations and Delivery Lead,"San Francisco, CA",https://job-boards.greenhouse.io/humansignal/jobs/5699236004
5699237004,humansignal,Operations and Delivery Lead,"New York, NY",https://job-boards.greenhouse.io/humansignal/jobs/5699237004
5787549004,humansignal,Operations Specialist,"Columbus, Ohio",https://job-boards.greenhouse.io/humansignal/jobs/5787549004
5699305004,humansignal,Operations Specialist,"Austin, Texas",https://job-boards.greenhouse.io/humansignal/jobs/5699305004
5699263004,humansignal,Quality Operations Lead,"Austin, Texas",https://job-boards.greenhouse.io/humansignal/jobs/5699263004
5699587004,humansignal,SDR,"New York, NY",https://job-boards.greenhouse.io/humansignal/jobs/5699587004
5699585004,humansignal,SDR,"Austin, Texas",https://job-boards.greenhouse.io/humansignal/jobs/5699585004
5699586004,humansignal,SDR,"San Francisco, CA",https://job-boards.greenhouse.io/humansignal/jobs/5699586004
4291492004,humansignal,Senior Backend Engineer,Remote,https://job-boards.greenhouse.io/humansignal/jobs/4291492004
4630367004,humansignal,Senior Frontend Engineer,Remote,https://job-boards.greenhouse.io/humansignal/jobs/4630367004
4803399004,humansignal,Senior Full Stack Engineer,Remote,https://job-boards.greenhouse.io/humansignal/jobs/4803399004
5747338004,humansignal,STEM Expert (US & International),Remote,https://job-boards.greenhouse.io/humansignal/jobs/5747338004
5699455004,humansignal,Strategic Accounts Executive (Services),"Austin, Texas",https://job-boards.greenhouse.io/humansignal/jobs/5699455004
5699456004,humansignal,Strategic Accounts Executive (Services),"San Francisco, CA",https://job-boards.greenhouse.io/humansignal/jobs/5699456004
5699457004,humansignal,Strategic Accounts Executive (Services),"New York, NY",https://job-boards.greenhouse.io/humansignal/jobs/5699457004
5678246004,humansignal,Technical AI Trainer,Remote,https://job-boards.greenhouse.io/humansignal/jobs/5678246004
